gzread.c, 0, 0, 0, 417
memfile.c, 6, 2, 2, 78053
ex_cmds.c, 11, 2, 2, 359282
if_mzsch.c, 11, 2, 2, 253305
os_unix.c, 11, 2, 2, 592849
netbeans.c, 11, 2, 2, 255111
thread.c, 0, 0, 0, 147
access.c, 6, 2, 1, 46000
main.c, 0, 1, 1, 144
xpath.c, 0, 1, 1, 331
xmlregexp.c, 5, 2, 1, 75099
condition.c, 0, 1, 1, 169
pngtest.c, 5, 2, 1, 35094
pngtrans.c, 5, 1, 1, 57720
pngvalid.c, 5, 2, 1, 49952
pngrutil.c, 2, 2, 2, 9703
eval.c, 6, 1, 1, 91577
mouse.c, 3, 2, 2, 25877
util.c, 3, 1, 1, 14316
graphics.c, 3, 1, 1, 17916
gp_cairo.c, 0, 1, 1, 278
plot.c, 5, 3, 1, 43763
graph3d.c, 0, 2, 2, 384
datafile.c, 3, 2, 2, 16632
gplt_x11.c, 8, 3, 2, 147952
parse.c, 0, 0, 0, 251
main1.c, 5, 2, 0, 226641
main2.c, 6, 2, 1, 284622
w_cmdpanel.c, 0, 1, 1, 295
asan.c, 0, 0, 0, 129
cse.c, 3, 1, 1, 15139
combine-stack-adj.c, 0, 0, 0, 112
builtins.c, 6, 2, 1, 106637
style.c, 0, 1, 1, 214
events.c, 5, 2, 1, 77490
icons.c, 0, 2, 2, 224
virtual.c, 0, 1, 1, 200
ewmh_icons.c, 0, 0, 0, 157
FlocaleCharset.c, 0, 2, 2, 306
FvwmWharf1.c, 1, 1, 1, 1171
FvwmWharf2.c, 0, 0, 0, 265
FvwmButtons.c, 6, 2, 1, 109847
loadlib_rel.c, 6, 1, 1, 108879
getcppsyms.c, 6, 2, 1, 289794
execute_cmd.c, 10, 7, 2, 445502
hush2.c, 0, 0, 0, 390
hush1.c, 5, 2, 0, 57040
nc.c, 0, 1, 1, 159
httpd.c, 5, 2, 1, 68400
ftpd.c, 2, 3, 3, 13086
mdev.c, 0, 1, 1, 234
tar.c, 5, 2, 1, 58456
verror_msg.c, 0, 0, 0, 152
nandwrite.c, 0, 1, 1, 150
less.c, 8, 4, 3, 120747
recode2.c, 0, 0, 0, 90
modules-load.c, 0, 0, 0, 225
modules.c, 0, 0, 0, 235
recode1.c, 0, 0, 0, 90
main1.c, 6, 2, 1, 70826
main2.c, 0, 0, 0, 330
netpoll.c, 0, 0, 0, 181
udp.c, 0, 1, 1, 164
tcp_minisocks.c, 1, 1, 1, 872
ipv6.c, 0, 1, 1, 260
ocrdma_main.c, 0, 1, 1, 198
pty.c, 0, 1, 1, 176
i915_dma.c, 0, 1, 1, 221
3c59x.c, 5, 1, 1, 47712
ep93xx_eth.c, 0, 1, 1, 149
dd.c, 1, 1, 1, 871
core.c, 0, 1, 1, 226
extcon-class.c, 0, 1, 1, 165
init.c, 5, 2, 1, 51175
kprobes.c, 0, 1, 1, 223
pm.c, 5, 1, 1, 49083
prng.c, 0, 0, 0, 154
common.c, 3, 2, 2, 11670
smpboot.c, 0, 1, 1, 221
board-generic.c, 0, 1, 1, 156
board-omap3pandora.c, 0, 1, 1, 159
fault.c, 0, 1, 1, 217
slab.c, 5, 2, 1, 62816
task_mmu.c, 0, 1, 1, 234
namei.c, 0, 1, 1, 163
dquot.c, 0, 1, 1, 183
super.c, 0, 1, 1, 216
module.c, 4, 1, 1, 31235
rt.c, 0, 1, 1, 163
proc.c, 0, 1, 1, 157
tick-sched.c, 0, 1, 1, 223
cfq-iosched.c, 0, 1, 1, 165
app_procs.c, 9, 3, 2, 186603
preferences.c, 9, 2, 2, 51704
prop_text.c, 0, 1, 1, 187
buffer.c, 2, 2, 2, 3510
kex.c, 0, 1, 1, 285
auth.c, 0, 1, 1, 160
keys.c, 0, 1, 1, 250
options.c, 0, 1, 1, 215
known_hosts.c, 0, 1, 1, 145
pki_crypto.c, 0, 1, 1, 219
keyfiles1.c, 0, 1, 1, 244
messages2.c, 0, 0, 0, 159
messages1.c, 0, 0, 0, 154
keyfiles2.c, 0, 0, 0, 226
client.c, 0, 1, 1, 212
channels.c, 0, 1, 1, 157
keys1.c, 2, 1, 1, 3377
pki.c, 0, 1, 1, 213
dh.c, 2, 1, 1, 3451
keys2.c, 0, 0, 0, 212
options.c, 0, 1, 1, 222
push1.c, 5, 3, 1, 38310
push2.c, 0, 0, 0, 395
gkr-location.c, 0, 1, 1, 151
mpm_common.c, 11, 5, 4, 227712
listen.c, 3, 2, 2, 11302
prefork.c, 9, 7, 5, 226735
mpm_winnt.c, 0, 2, 2, 172
ab.c, 5, 4, 2, 84104
unixd.c, 5, 6, 2, 34021
ap_regkey.c, 1, 1, 1, 706
mod_include.c, 0, 3, 3, 246
util_ldap_cache.c, 0, 1, 1, 204
ssl_util.c, 2, 1, 1, 2621
mod_slotmem_shm.c, 0, 2, 2, 221
totem.c, 1, 1, 1, 846
http-proxy.c, 0, 1, 1, 169